{"acc": 0.7760942760942761, "precision": 0.6669055755991035, "recall": 0.6209905077554172, "_timestamp": 1679566774.028525, "_runtime": 33.25617218017578, "_step": 0, "_wandb": {"runtime": 31}}