{"acc": 0.79503367003367, "precision": 0.6887614352865491, "recall": 0.6692839154412206, "_timestamp": 1679564701.5255132, "_runtime": 46.36070108413696, "_step": 0, "_wandb": {"runtime": 44}}