{"acc": 0.7994107744107745, "precision": 0.6962783062055218, "recall": 0.6694147253953839, "_timestamp": 1679563524.369021, "_runtime": 82.911789894104, "_step": 0, "_wandb": {"runtime": 81}}